sample_id,week_number,label_valid,quality_code,trade_taken,evidence_explicit,independent_sample,context_liquidity_tf_minutes,session_eligible,holiday_eligible,news_eligible,htf_location_required,htf_poi_present,target_room_sufficient,context_liquidity_present,higher_tf_context_liquidity_present,required_liquidity_taken,liquidity_event_present,impulse_confirmed,impulse_created_imbalance,entry_imbalance_created,structure_change_confirmed,structure_break_by_close,candle_formation_confirmed,poi_is_orderblock,inducement_exists_before_retest,entry_zone_defined,retracement_into_entry_zone,entry_trigger_confirmed,chase_attempted,timing_eligible_at_entry,impulse_plus_imbalance,body_structure_confirmation,confirmation_count,context_hard_pass,entry_hard_pass,expected_reason_count
W01-N01,1,0,0,0,1,1,60,1,1,1,0,,1,1,1,0,1,1,1,1,1,1,0,0,,1,1,1,0,1,1,1,2,1,1,1
W01-P01,1,1,2,,1,1,60,1,1,1,0,,1,1,1,1,1,1,1,1,1,1,0,0,,1,1,1,0,1,1,1,2,1,1,0
W03-N01,3,0,0,0,1,1,60,1,0,1,0,,1,1,1,1,1,1,1,1,1,1,0,0,,1,1,1,0,1,1,1,2,0,1,1
W03-N02,3,0,0,0,1,1,60,1,1,1,0,,1,1,1,1,1,1,1,1,0,0,0,0,,1,1,1,0,1,1,0,1,1,1,1
W03-N03,3,0,0,0,1,1,60,1,1,1,0,,1,1,1,1,1,0,1,1,1,1,0,0,,1,1,1,0,1,0,1,1,1,1,1
W04-P01,4,1,1,1,1,1,60,1,1,1,0,,1,1,1,1,1,1,1,1,1,1,0,0,,1,1,1,0,1,1,1,2,1,1,0
W05-N01,5,0,0,0,1,1,60,1,1,1,0,,1,1,1,0,1,1,1,1,1,1,0,0,,1,1,1,0,1,1,1,2,1,1,1
W07-P01,7,1,2,,1,1,60,1,1,1,0,,1,1,1,1,1,1,1,1,1,1,0,0,,1,1,1,0,1,1,1,2,1,1,0
W07-N01,7,0,0,0,1,1,60,1,1,1,0,,1,1,1,1,1,1,1,1,0,0,0,0,,1,1,1,0,1,1,0,1,1,1,1
W07-P02,7,1,2,,1,1,60,1,1,1,0,,1,1,1,1,1,1,1,1,1,1,0,0,,1,1,1,0,1,1,1,2,1,1,0
W07-N02,7,0,0,0,1,1,60,1,1,1,0,,1,1,1,0,1,1,1,1,1,1,0,0,,1,1,1,0,1,1,1,2,1,1,1
W07-P03,7,1,2,,1,1,60,1,1,1,0,,1,1,1,1,1,1,1,1,1,1,0,0,,1,1,1,0,1,1,1,2,1,1,0
W07-N03,7,0,0,0,1,1,60,1,1,1,0,,1,1,1,0,1,1,1,1,1,1,0,0,,1,1,1,0,1,1,1,2,1,1,1
W08-N01,8,0,0,0,1,1,60,0,1,1,0,,1,1,1,1,1,1,1,1,1,1,0,0,,1,1,1,0,0,1,1,2,0,0,2
W08-P01,8,1,2,,1,1,60,1,1,1,0,,1,1,1,1,1,1,1,1,1,1,0,0,,1,1,1,0,1,1,1,2,1,1,0
W08-N02,8,0,0,0,1,1,60,0,1,1,0,,1,1,1,1,1,1,1,1,1,1,0,0,,1,1,1,0,0,1,1,2,0,0,2
W08-P02,8,1,3,,1,1,60,1,1,1,0,,1,1,1,1,1,1,1,1,1,1,0,0,,1,1,1,0,1,1,1,2,1,1,0
W08-N03,8,0,0,0,1,1,60,1,1,1,0,,1,1,1,1,1,1,1,1,0,0,0,0,,1,1,1,0,1,1,0,1,1,1,1
W08-N04,8,0,0,0,1,1,60,1,1,1,0,,1,1,1,1,1,1,1,1,1,1,0,1,0,1,1,1,0,1,1,1,2,1,1,1
W08-P03,8,1,2,1,1,1,60,1,1,1,0,,1,1,1,1,1,1,1,1,1,1,0,0,,1,1,1,0,1,1,1,2,1,1,0
W08-N05,8,0,0,0,1,1,60,1,1,1,0,,1,1,1,1,1,1,1,1,0,0,0,0,,1,1,1,0,1,1,0,1,1,1,1
W08-P04,8,1,2,,1,1,60,1,1,1,0,,1,1,1,1,1,1,1,1,1,1,0,0,,1,1,1,0,1,1,1,2,1,1,0
W08-P05,8,1,2,1,1,1,60,1,1,1,0,,1,1,1,1,1,1,1,1,1,1,0,0,,1,1,1,0,1,1,1,2,1,1,0
W08-N06,8,0,0,0,1,1,60,1,1,0,0,,1,1,1,1,1,1,1,1,1,1,0,0,,1,1,1,0,1,1,1,2,0,1,1
W09-N01,9,0,0,0,1,1,60,1,1,1,0,,1,1,1,0,1,1,1,1,1,1,0,0,,1,1,1,0,1,1,1,2,1,1,1
W09-N02,9,0,0,0,1,1,60,1,1,1,0,,1,1,1,1,1,0,0,0,1,1,0,0,,1,1,1,0,1,0,1,1,1,1,3
W09-N03,9,0,0,0,1,1,60,1,1,1,0,,1,1,1,1,1,1,1,1,1,1,0,0,,1,1,1,0,0,1,1,2,1,0,1
W09-N04,9,0,0,0,1,1,60,1,1,1,0,,1,1,1,1,1,1,1,1,0,0,0,0,,1,1,1,0,1,1,0,1,1,1,1
W09-P01,9,1,2,,1,1,60,1,1,1,0,,1,1,1,1,1,1,1,1,1,1,0,0,,1,1,1,0,1,1,1,2,1,1,0
W09-N05,9,0,0,0,1,1,60,1,1,1,0,,0,1,1,1,1,1,1,1,1,1,0,0,,1,1,1,0,1,1,1,2,0,1,1
W09-N06,9,0,0,0,1,1,60,1,1,1,0,,1,0,1,1,1,1,1,1,1,1,0,0,,1,1,1,0,1,1,1,2,0,1,1
W10-P01,10,1,2,,1,1,60,1,1,1,0,,1,1,1,1,1,1,1,1,1,1,0,0,,1,1,1,0,1,1,1,2,1,1,0
W10-P02,10,1,2,1,1,1,60,1,1,1,0,,1,1,1,1,1,1,1,1,1,1,0,0,,1,1,1,0,1,1,1,2,1,1,0
W10-N01,10,0,0,0,1,1,60,1,1,0,0,,1,1,1,1,1,1,1,1,1,1,0,0,,1,1,1,0,1,1,1,2,0,1,1
W10-N02,10,0,0,0,1,1,60,1,1,1,0,,1,1,1,1,1,1,1,1,1,1,0,0,,1,1,1,0,0,1,1,2,1,0,1
W10-P03,10,1,2,,1,1,60,1,1,1,0,,1,1,1,1,1,1,1,1,1,1,0,0,,1,1,1,0,1,1,1,2,1,1,0
W10-N03,10,0,0,0,1,1,60,1,1,1,0,,1,1,1,1,1,1,1,1,1,0,0,0,,1,1,1,0,1,1,0,1,1,1,1
W10-N04,10,0,0,0,1,1,60,0,1,1,0,,1,1,1,1,1,1,1,1,1,1,0,0,,1,1,1,0,0,1,1,2,0,0,2
W10-P04,10,1,1,1,1,1,60,1,1,1,0,,1,1,1,1,1,1,1,1,1,1,0,0,,1,1,1,0,1,1,1,2,1,1,0
W10-N05,10,0,0,0,1,1,60,1,1,1,0,,1,1,1,1,1,1,1,1,1,1,0,0,,1,1,1,0,0,1,1,2,1,0,1
W11-N01,11,0,0,0,1,1,60,1,1,1,1,0,1,1,1,1,1,1,1,1,1,1,0,0,,1,1,1,0,1,1,1,2,0,1,1
W11-N02,11,0,0,0,1,1,60,1,0,1,0,,1,1,1,1,1,1,1,1,1,1,0,0,,1,1,1,0,1,1,1,2,0,1,1
W11-P01,11,1,3,1,1,1,60,1,1,1,0,,1,1,1,1,1,1,1,1,1,1,0,0,,1,1,1,0,1,1,1,2,1,1,0
W11-N03,11,0,0,0,1,1,60,1,1,1,0,,1,0,1,1,1,1,1,1,1,1,0,0,,1,1,1,0,1,1,1,2,0,1,1
W11-P02,11,1,2,0,1,1,60,1,1,1,0,,1,1,1,1,1,1,1,1,1,1,0,0,,1,1,1,0,1,1,1,2,1,1,0
W11-N04,11,0,0,0,1,1,60,1,1,1,0,,1,1,1,0,1,1,1,1,1,1,0,0,,1,1,1,0,1,1,1,2,1,1,1
W12-N01,12,0,0,0,1,1,60,1,1,1,0,,1,1,1,0,1,1,1,1,1,1,0,0,,1,1,1,0,1,1,1,2,1,1,1
W12-N02,12,0,0,0,1,1,60,1,1,1,0,,1,1,1,1,1,0,1,1,1,1,0,0,,1,1,1,0,1,0,1,1,1,1,1
W12-P01,12,1,3,1,1,1,60,1,1,1,0,,1,1,1,1,1,1,1,1,1,1,0,0,,1,1,1,0,1,1,1,2,1,1,0
W12-N03,12,0,0,0,1,1,60,0,1,1,0,,1,1,1,1,1,0,1,1,1,1,0,0,,1,1,1,0,1,0,1,1,0,1,2
W12-N04,12,0,0,0,1,1,60,1,1,1,0,,1,1,1,0,1,1,1,1,1,1,0,0,,1,0,1,0,1,1,1,2,1,0,2
W12-N05,12,0,0,0,1,1,60,1,1,1,0,,1,1,1,1,1,1,1,1,1,1,0,0,,1,1,1,0,0,1,1,2,1,0,1
W13-N01,13,0,0,1,1,1,60,1,1,1,0,,1,1,1,1,1,1,1,1,1,1,0,0,,1,1,1,0,0,1,1,2,1,0,1
W13-N02,13,0,0,0,1,1,60,1,1,1,0,,1,1,1,1,1,1,1,1,1,1,0,0,,1,1,1,0,0,1,1,2,1,0,1
W13-P01,13,1,2,,1,1,60,1,1,1,0,,1,1,1,1,1,1,1,1,1,1,0,0,,1,1,1,0,1,1,1,2,1,1,0
W13-N03,13,0,0,0,1,1,60,1,1,1,0,,1,1,1,1,1,1,1,1,1,0,0,0,,1,1,1,0,1,1,0,1,1,1,1
W13-N04,13,0,0,0,1,1,60,1,1,0,0,,1,1,1,1,1,1,1,1,1,1,0,0,,1,1,1,0,1,1,1,2,0,1,1
W13-P02,13,1,2,1,1,1,60,1,1,1,0,,1,1,1,1,1,1,1,1,1,1,0,0,,1,1,1,0,1,1,1,2,1,1,0
W13-P03,13,1,2,0,1,1,60,1,1,1,0,,1,1,1,1,1,1,1,1,1,1,0,0,,1,1,1,0,1,1,1,2,1,1,0
W13-P04,13,1,2,1,1,1,60,1,1,1,0,,1,1,1,1,1,1,1,1,1,1,0,0,,1,1,1,0,1,1,1,2,1,1,0
W13-N05,13,0,0,0,1,1,60,1,1,1,0,,1,1,1,1,1,1,1,1,1,1,0,1,0,1,1,1,0,1,1,1,2,1,1,1
W13-N06,13,0,0,0,1,1,60,1,1,1,0,,1,0,1,0,1,1,1,1,1,1,0,0,,1,1,1,0,1,1,1,2,0,1,2
W14-N01,14,0,0,0,1,1,60,1,1,0,0,,1,1,1,1,1,1,1,1,1,1,0,0,,1,1,1,0,1,1,1,2,0,1,1
W14-N02,14,0,0,0,1,1,60,1,1,1,1,0,1,1,1,1,1,1,1,1,1,1,0,0,,1,1,1,0,1,1,1,2,0,1,1
W14-P01,14,1,3,1,1,1,60,1,1,1,0,,1,1,1,1,1,1,1,1,1,1,0,0,,1,1,1,0,1,1,1,2,1,1,0
W14-P02,14,1,2,,1,1,60,1,1,1,0,,1,1,1,1,1,1,1,1,1,1,0,0,,1,1,1,0,1,1,1,2,1,1,0
W14-P03,14,1,1,1,1,1,60,1,1,1,0,,1,1,1,1,1,1,1,1,1,1,0,0,,1,1,1,0,1,1,1,2,1,1,0
W14-N03,14,0,0,0,1,1,60,0,1,1,0,,1,1,1,1,1,1,1,1,1,1,0,0,,1,1,1,0,1,1,1,2,0,1,1
W14-P04,14,1,2,1,1,1,60,1,1,1,0,,1,1,1,1,1,1,1,1,1,1,0,0,,1,1,1,0,1,1,1,2,1,1,0
W14-P05,14,1,2,1,1,1,60,1,1,1,0,,1,1,1,1,1,1,1,1,1,1,0,0,,1,1,1,0,1,1,1,2,1,1,0
W15-N01,15,0,0,0,1,1,60,0,1,1,0,,1,1,1,1,1,1,1,1,1,1,0,0,,1,1,1,0,1,1,1,2,0,1,1
W15-P01,15,1,2,1,1,1,60,1,1,1,0,,1,1,1,1,1,1,1,1,1,1,0,0,,1,1,1,0,1,1,1,2,1,1,0
W15-N02,15,0,0,0,1,1,60,1,1,1,0,,1,1,1,0,1,1,1,1,1,1,0,0,,1,1,1,0,1,1,1,2,1,1,1
W15-P02,15,1,3,1,1,1,60,1,1,1,0,,1,1,1,1,1,1,1,1,1,1,0,0,,1,1,1,0,1,1,1,2,1,1,0
W15-N03,15,0,0,0,1,1,60,1,1,1,0,,1,1,1,1,1,1,1,1,1,1,0,0,,1,1,1,0,0,1,1,2,1,0,1
W15-P03,15,1,0,1,1,1,60,1,1,1,0,,1,1,1,1,1,1,1,1,1,1,0,0,,1,1,1,0,1,1,1,2,1,1,0
W15-P04,15,1,3,,1,1,60,1,1,1,0,,1,1,1,1,1,1,1,1,1,1,0,0,,1,1,1,0,1,1,1,2,1,1,0
W15-P05,15,1,2,0,1,1,60,1,1,1,0,,1,1,1,1,1,1,1,1,1,1,0,0,,1,1,1,0,1,1,1,2,1,1,0
W15-N04,15,0,0,0,1,1,60,1,1,1,0,,1,1,1,1,1,1,1,1,1,1,0,0,,1,1,0,0,1,1,1,2,1,0,1
W16-P01,16,1,2,0,1,1,60,1,1,1,0,,1,1,1,1,1,1,1,1,1,1,0,0,,1,1,1,0,1,1,1,2,1,1,0
W16-N01,16,0,0,0,1,1,60,1,1,1,0,,1,1,1,1,1,1,1,1,0,0,0,0,,1,1,1,0,1,1,0,1,1,1,1
W16-P02,16,1,2,1,1,1,60,1,1,1,0,,1,1,1,1,1,1,1,1,1,1,0,0,,1,1,1,0,1,1,1,2,1,1,0
W16-N02,16,0,0,0,1,1,60,1,1,1,0,,1,1,1,0,1,1,1,1,1,1,0,0,,1,1,1,0,0,1,1,2,1,0,2
W16-P03,16,1,3,,1,1,60,1,1,1,0,,1,1,1,1,1,1,1,1,1,1,0,0,,1,1,1,0,1,1,1,2,1,1,0
W16-P04,16,1,2,1,1,1,60,1,1,1,0,,1,1,1,1,1,1,1,1,1,1,0,0,,1,1,1,0,1,1,1,2,1,1,0
W16-P05,16,1,2,1,1,1,60,1,1,1,0,,1,1,1,1,1,1,1,1,1,1,0,0,,1,1,1,0,1,1,1,2,1,1,0
W16-N03,16,0,0,0,1,1,60,1,1,0,0,,1,1,1,1,1,1,1,1,1,1,0,0,,1,1,1,0,1,1,1,2,0,1,1
W18-P01,18,1,3,,1,1,60,1,1,1,0,,1,1,1,1,1,1,1,1,1,1,0,0,,1,1,1,0,1,1,1,2,1,1,0
W18-P02,18,1,1,1,1,1,60,1,1,1,0,,1,1,1,1,1,1,1,1,1,1,0,0,,1,1,1,0,1,1,1,2,1,1,0
W18-N01,18,0,0,0,1,1,60,1,1,1,0,,1,1,1,1,1,1,1,1,1,1,0,0,,1,1,1,0,0,1,1,2,1,0,1
W18-P03,18,1,2,1,1,1,60,1,1,1,0,,1,1,1,1,1,1,1,1,1,1,0,0,,1,1,1,0,1,1,1,2,1,1,0
W18-N02,18,0,0,0,1,1,60,1,1,1,0,,1,1,1,0,1,1,1,1,1,1,0,0,,1,1,1,0,1,1,1,2,1,1,1
W18-P04,18,1,3,1,1,1,60,1,1,1,0,,1,1,1,1,1,1,1,1,1,1,0,0,,1,1,1,0,1,1,1,2,1,1,0
W19-P01,19,1,2,,1,1,60,1,1,1,0,,1,1,1,1,1,1,1,1,1,1,0,0,,1,1,1,0,1,1,1,2,1,1,0
W19-P02,19,1,3,,1,1,60,1,1,1,0,,1,1,1,1,1,1,1,1,1,1,0,0,,1,1,1,0,1,1,1,2,1,1,0
W19-N01,19,0,0,0,1,1,60,1,1,1,0,,1,0,1,0,1,1,1,1,1,1,0,0,,1,1,1,0,1,1,1,2,0,1,2
W19-P03,19,1,3,,1,1,60,1,1,1,0,,1,1,1,1,1,1,1,1,1,1,0,0,,1,1,1,0,1,1,1,2,1,1,0
W19-N02,19,0,0,0,1,1,60,1,1,0,0,,1,1,1,1,1,1,1,1,1,1,0,0,,1,1,1,0,1,1,1,2,0,1,1
W19-P04,19,1,2,,1,1,60,1,1,1,0,,1,1,1,1,1,1,1,1,1,1,0,0,,1,1,1,0,1,1,1,2,1,1,0
W19-N03,19,0,0,0,1,1,60,1,1,1,0,,1,1,1,1,1,1,1,1,1,1,0,1,0,1,1,1,0,1,1,1,2,1,1,1
W19-N04,19,0,0,0,1,1,60,1,1,0,0,,1,1,1,1,1,1,1,1,1,1,0,0,,1,1,1,0,1,1,1,2,0,1,1
W19-P05,19,1,2,,1,1,60,1,1,1,0,,1,1,1,1,1,1,1,1,1,1,0,0,,1,1,1,0,1,1,1,2,1,1,0
W20-N01,20,0,0,0,1,1,60,1,0,1,0,,1,1,1,1,1,1,1,1,1,1,0,0,,1,1,1,0,1,1,1,2,0,1,1
W20-N02,20,0,0,0,1,1,60,1,1,1,0,,1,0,1,0,1,1,1,1,1,1,0,0,,1,1,1,0,1,1,1,2,0,1,2
W20-N03,20,0,0,0,1,1,60,1,1,1,0,,1,1,1,1,1,0,1,1,1,1,0,0,,1,1,1,0,1,0,1,1,1,1,1
W20-N04,20,0,0,0,1,1,60,1,1,1,0,,1,1,1,1,1,1,1,1,1,1,0,0,,1,1,1,0,0,1,1,2,1,0,1
W20-P01,20,1,2,1,1,1,60,1,1,1,0,,1,1,1,1,1,1,1,1,1,1,0,0,,1,1,1,0,1,1,1,2,1,1,0
W20-N05,20,0,0,0,1,1,60,1,1,1,0,,1,1,1,1,1,1,1,1,0,0,0,0,,1,1,1,0,1,1,0,1,1,1,1
W20-P02,20,1,3,,1,1,60,1,1,1,0,,1,1,1,1,1,1,1,1,1,1,0,0,,1,1,1,0,1,1,1,2,1,1,0
W20-N06,20,0,0,0,1,1,60,0,1,1,0,,1,1,1,1,1,1,1,1,1,1,0,0,,1,1,1,0,0,1,1,2,0,0,2
W20-P03,20,1,1,1,1,1,60,1,1,1,0,,1,1,1,1,1,1,1,1,1,1,0,0,,1,1,1,0,1,1,1,2,1,1,0
W20-P04,20,1,3,0,1,1,60,1,1,1,0,,1,1,1,1,1,1,1,1,1,1,0,0,,1,1,1,0,1,1,1,2,1,1,0